{
  "blau100": [
    0,
    0.32941176470588235,
    0.62352941176470589
  ],
  "blau75": [
    0.25098039215686274,
    0.49803921568627452,
    0.71764705882352942
  ],
  "blau50": [
    0.55686274509803924,
    0.72941176470588232,
    0.89803921568627454
  ],
  "blau25": [
    0.7803921568627451,
    0.8666666666666667,
    0.94901960784313721
  ],
  "blau10": [
    0.90980392156862744,
    0.94509803921568625,
    0.98039215686274506
  ],
  "schwarz100": [
    0,
    0,
    0
  ],
  "schwarz75": [
    0.39215686274509803,
    0.396078431372549,
    0.403921568627451
  ],
  "schwarz50": [
    0.611764705882353,
    0.61960784313725492,
    0.62352941176470589
  ],
  "schwarz25": [
    0.81176470588235294,
    0.81960784313725488,
    0.82352941176470584
  ],
  "schwarz10": [
    0.92549019607843142,
    0.92941176470588238,
    0.92941176470588238
  ],
  "magenta100": [
    0.8901960784313725,
    0,
    0.4
  ],
  "magenta75": [
    0.9137254901960784,
    0.37647058823529411,
    0.53333333333333333
  ],
  "magenta50": [
    0.94509803921568625,
    0.61960784313725492,
    0.69411764705882351
  ],
  "magenta25": [
    0.97647058823529409,
    0.82352941176470584,
    0.85490196078431369
  ],
  "magenta10": [
    0.99215686274509807,
    0.93333333333333335,
    0.94117647058823528
  ],
  "yellow100": [
    1,
    0.92941176470588238,
    0
  ],
  "yellow75": [
    1,
    0.94117647058823528,
    0.33333333333333331
  ],
  "yellow50": [
    1,
    0.96078431372549022,
    0.60784313725490191
  ],
  "yellow25": [
    1,
    0.98039215686274506,
    0.81960784313725488
  ],
  "yellow10": [
    1,
    0.99215686274509807,
    0.93333333333333335
  ],
  "petrol100": [
    0,
    0.38039215686274508,
    0.396078431372549
  ],
  "petrol75": [
    0.17647058823529413,
    0.49803921568627452,
    0.51372549019607838
  ],
  "petrol50": [
    0.49019607843137253,
    0.64313725490196083,
    0.65490196078431373
  ],
  "petrol25": [
    0.74901960784313726,
    0.81568627450980391,
    0.81960784313725488
  ],
  "petrol10": [
    0.90196078431372551,
    0.92549019607843142,
    0.92549019607843142
  ],
  "tuerkis100": [
    0,
    0.596078431372549,
    0.63137254901960782
  ],
  "tuerkis75": [
    0,
    0.69411764705882351,
    0.71764705882352942
  ],
  "tuerkis50": [
    0.53725490196078429,
    0.8,
    0.81176470588235294
  ],
  "tuerkis25": [
    0.792156862745098,
    0.90588235294117647,
    0.90588235294117647
  ],
  "tuerkis10": [
    0.92156862745098034,
    0.96470588235294119,
    0.96470588235294119
  ],
  "gruen100": [
    0.3411764705882353,
    0.6705882352941176,
    0.15294117647058825
  ],
  "gruen75": [
    0.55294117647058827,
    0.75294117647058822,
    0.37647058823529411
  ],
  "gruen50": [
    0.72156862745098038,
    0.83921568627450982,
    0.596078431372549
  ],
  "gruen25": [
    0.8666666666666667,
    0.92156862745098034,
    0.807843137254902
  ],
  "gruen10": [
    0.94901960784313721,
    0.96862745098039216,
    0.92549019607843142
  ],
  "maigruen100": [
    0.74117647058823533,
    0.803921568627451,
    0
  ],
  "maigruen75": [
    0.81568627450980391,
    0.85098039215686272,
    0.36078431372549019
  ],
  "maigruen50": [
    0.8784313725490196,
    0.90196078431372551,
    0.60392156862745094
  ],
  "maigruen25": [
    0.94117647058823528,
    0.95294117647058818,
    0.81568627450980391
  ],
  "maigruen10": [
    0.97647058823529409,
    0.98039215686274506,
    0.92941176470588238
  ],
  "orange100": [
    0.96470588235294119,
    0.6588235294117647,
    0
  ],
  "orange75": [
    0.98039215686274506,
    0.74509803921568629,
    0.31372549019607843
  ],
  "orange50": [
    0.99215686274509807,
    0.83137254901960789,
    0.5607843137254902
  ],
  "orange25": [
    0.996078431372549,
    0.91764705882352937,
    0.788235294117647
  ],
  "orange10": [
    1,
    0.96862745098039216,
    0.91764705882352937
  ],
  "rot100": [
    0.8,
    0.027450980392156862,
    0.11764705882352941
  ],
  "rot75": [
    0.84705882352941175,
    0.36078431372549019,
    0.25490196078431371
  ],
  "rot50": [
    0.90196078431372551,
    0.58823529411764708,
    0.47450980392156861
  ],
  "rot25": [
    0.95294117647058818,
    0.803921568627451,
    0.73333333333333328
  ],
  "rot10": [
    0.98039215686274506,
    0.92156862745098034,
    0.8901960784313725
  ],
  "bordeaux100": [
    0.63137254901960782,
    0.062745098039215685,
    0.20784313725490197
  ],
  "bordeaux75": [
    0.71372549019607845,
    0.32156862745098042,
    0.33725490196078434
  ],
  "bordeaux50": [
    0.803921568627451,
    0.54509803921568623,
    0.52941176470588236
  ],
  "bordeaux25": [
    0.89803921568627454,
    0.77254901960784317,
    0.75294117647058822
  ],
  "bordeaux10": [
    0.96078431372549022,
    0.90980392156862744,
    0.89803921568627454
  ],
  "violett100": [
    0.38039215686274508,
    0.12941176470588237,
    0.34509803921568627
  ],
  "violett75": [
    0.51372549019607838,
    0.30588235294117649,
    0.45882352941176469
  ],
  "violett50": [
    0.6588235294117647,
    0.52156862745098043,
    0.61960784313725492
  ],
  "violett25": [
    0.82352941176470584,
    0.75294117647058822,
    0.803921568627451
  ],
  "violett10": [
    0.92941176470588238,
    0.89803921568627454,
    0.91764705882352937
  ],
  "lila100": [
    0.47843137254901963,
    0.43529411764705883,
    0.67450980392156867
  ],
  "lila75": [
    0.60784313725490191,
    0.56862745098039214,
    0.75686274509803919
  ],
  "lila50": [
    0.73725490196078436,
    0.70980392156862748,
    0.84313725490196079
  ],
  "lila25": [
    0.87058823529411766,
    0.85490196078431369,
    0.92156862745098034
  ],
  "lila10": [
    0.94901960784313721,
    0.94117647058823528,
    0.96862745098039216
  ]
}